GEO,SEX,AGE,BMI_Underweight,BMI_Normal,BMI_Overweight,Physical_activity,DailyFyV_0 portions,DailyFyV_From 1 to 4 portions,DailyFyV_5 portions or more,smoking_Non-smoker,smoking_Daily smoker,smoking_Occasional smoker,Frequent_drink_pct,social_support_Intermediate,social_support_Poor,social_support_Strong,Chron_ill_pct,Sev_body_pain_Mild or very mild,Sev_body_pain_Severe or very severe,Sev_body_pain_Moderate,Sev_body_pain_None,Health_Expend_%_GDP,presc_med_use_pct,non_presc_med_use_pct,SPH_G_or_VG_pct
Belgium,Males,From 15 to 24 years,11.9,69.4,18.7,25.2,25.4,64.6,10.0,78.9,15.4,5.7,50.1,49.2,11.5,39.2,9.2,18.4,1.7,7.4,72.5,10.44,22.3,13.4,94.8
Belgium,Males,From 25 to 34 years,2.4,56.5,41.0,11.5,26.3,65.5,8.2,66.7,26.2,7.1,45.3,51.5,14.7,33.8,12.4,22.9,4.4,9.8,62.9,10.44,27.1,17.2,89.4
Belgium,Males,From 35 to 44 years,0.3,45.6,54.1,7.7,19.7,69.3,11.0,67.1,26.9,6.0,43.1,52.4,17.7,29.8,18.4,21.5,8.0,13.2,57.3,10.44,37.6,18.1,83.8
Belgium,Males,From 45 to 64 years,0.4,33.8,65.8,5.5,18.3,70.1,11.6,72.3,23.8,3.9,37.7,50.0,20.4,29.6,28.0,26.0,10.2,12.7,51.0,10.44,64.0,17.0,74.5
Belgium,Males,65 years or over,0.6,33.7,65.6,42.0,11.8,76.0,12.2,84.8,12.9,2.3,20.1,51.5,19.1,29.3,38.2,26.2,9.7,18.6,45.4,10.44,88.1,16.2,53.3
Belgium,Females,From 15 to 24 years,13.2,71.2,15.6,16.3,25.2,68.4,6.5,77.5,19.1,3.4,35.6,50.4,15.8,33.8,12.5,20.1,6.9,7.9,65.1,10.44,42.9,15.2,91.7
Belgium,Females,From 25 to 34 years,7.7,55.4,36.9,8.8,20.1,68.4,11.5,80.2,12.5,7.3,17.5,57.7,9.1,33.1,12.6,24.2,9.1,13.0,53.7,10.44,47.8,27.4,88.8
Belgium,Females,From 35 to 44 years,2.5,62.1,35.4,5.8,11.8,73.9,14.2,75.6,20.2,4.2,16.9,51.2,18.1,30.7,20.1,27.1,8.7,18.1,46.1,10.44,52.7,20.5,79.8
Belgium,Females,From 45 to 64 years,2.4,51.0,46.6,3.9,9.5,73.6,16.9,74.8,21.9,3.3,17.9,50.7,17.6,31.6,31.2,23.2,15.8,19.0,41.9,10.44,71.3,22.8,70.1
Belgium,Females,65 years or over,2.7,42.8,54.5,42.0,9.6,74.9,15.5,92.2,6.9,0.9,9.7,47.7,21.1,31.2,42.5,30.4,17.8,22.7,29.1,10.44,90.4,18.8,50.4
Bulgaria,Males,From 15 to 24 years,2.5,71.3,26.1,24.5,60.5,34.6,4.8,66.3,25.5,8.2,18.3,53.6,10.7,35.7,3.8,7.8,0.0,1.3,90.9,7.71,3.1,18.4,96.1
Bulgaria,Males,From 25 to 34 years,0.7,50.5,48.7,17.5,67.7,26.1,6.2,45.8,45.8,8.4,34.0,52.9,14.0,33.1,5.8,9.7,1.3,2.3,86.7,7.71,8.2,20.3,92.1
Bulgaria,Males,From 35 to 44 years,0.6,32.9,66.5,9.2,58.0,38.9,3.1,44.4,48.3,7.3,30.3,57.6,17.0,25.3,7.4,17.4,1.7,4.7,76.3,7.71,14.4,26.2,87.5
Bulgaria,Males,From 45 to 64 years,0.3,27.0,72.7,2.7,61.9,35.6,2.5,50.1,43.1,6.9,31.1,58.1,19.1,22.8,21.8,29.0,3.8,12.3,54.9,7.71,42.5,32.6,64.2
Bulgaria,Males,65 years or over,0.7,34.1,65.2,0.6,58.7,37.2,4.2,82.3,13.0,4.7,12.4,58.9,21.1,20.0,43.7,34.8,10.3,27.4,27.5,7.71,75.7,43.7,24.1
Bulgaria,Females,From 15 to 24 years,15.2,74.7,10.1,14.6,56.0,38.4,5.6,75.4,16.7,7.9,7.4,53.0,7.7,39.3,2.2,11.1,2.2,4.8,81.9,7.71,10.4,22.9,96.3
Bulgaria,Females,From 25 to 34 years,7.9,68.3,23.7,4.3,53.3,41.3,5.3,60.2,29.9,9.9,15.5,47.1,16.3,36.6,2.4,13.1,1.8,4.7,80.5,7.71,12.9,35.5,96.0
Bulgaria,Females,From 35 to 44 years,4.6,61.9,33.5,2.4,56.5,38.9,4.5,53.5,36.4,10.1,12.8,56.2,15.6,28.2,7.3,27.4,0.9,6.0,65.7,7.71,14.8,36.4,86.6
Bulgaria,Females,From 45 to 64 years,1.5,41.6,57.0,1.5,54.8,40.1,5.1,71.1,22.8,6.1,9.5,60.9,16.3,22.8,23.4,34.0,5.1,15.1,45.9,7.71,50.7,47.0,62.1
Bulgaria,Females,65 years or over,1.5,34.7,63.8,0.1,59.3,36.5,4.3,94.9,4.1,1.0,4.0,57.1,22.2,20.7,50.0,34.2,15.4,29.7,20.7,7.71,81.4,53.8,16.3
Czechia,Males,From 15 to 24 years,4.5,74.4,21.1,34.9,60.6,32.1,7.3,62.6,23.8,13.6,31.5,47.7,4.0,48.2,6.7,14.0,0.7,6.6,78.7,7.65,15.0,23.9,95.3
Czechia,Males,From 25 to 34 years,0.0,54.4,45.6,17.9,58.0,34.3,7.7,57.3,36.0,6.7,31.2,53.7,8.3,38.0,8.3,20.1,2.4,6.4,71.2,7.65,25.3,32.9,92.5
Czechia,Males,From 35 to 44 years,0.2,31.3,68.5,10.9,54.8,37.5,7.7,63.3,29.3,7.5,26.0,54.5,14.6,30.9,15.8,23.3,2.7,7.2,66.8,7.65,31.7,35.6,83.8
Czechia,Males,From 45 to 64 years,0.2,19.1,80.6,3.4,53.8,41.3,5.0,64.3,29.9,5.8,19.9,57.5,15.5,27.0,32.9,31.0,3.7,14.7,50.6,7.65,60.4,39.6,57.3
Czechia,Males,65 years or over,0.5,26.6,73.0,1.8,55.5,37.6,6.9,76.5,17.0,6.5,10.9,54.2,17.2,28.6,56.0,41.0,7.6,21.2,30.2,7.65,91.2,44.9,24.9
Czechia,Females,From 15 to 24 years,5.1,82.3,12.5,13.9,38.2,47.7,14.1,80.3,6.1,13.6,13.8,40.1,3.3,56.6,9.3,17.1,1.2,3.3,78.4,7.65,29.5,40.5,94.9
Czechia,Females,From 25 to 34 years,4.6,70.3,25.1,9.4,31.5,57.2,11.4,72.2,16.8,11.0,14.0,44.3,8.6,47.2,10.9,20.3,2.3,5.3,72.1,7.65,33.1,51.6,91.8
Czechia,Females,From 35 to 44 years,1.2,59.6,39.2,5.3,38.9,48.1,13.0,72.8,21.4,5.7,8.4,51.9,13.7,34.4,18.7,24.9,3.1,10.9,61.1,7.65,43.4,52.9,81.8
Czechia,Females,From 45 to 64 years,0.8,39.9,59.4,4.3,34.2,53.7,12.1,71.7,21.5,6.8,6.1,55.1,14.1,30.8,35.9,32.7,6.7,14.9,45.7,7.65,69.8,59.3,52.7
Czechia,Females,65 years or over,0.4,28.8,70.8,0.5,43.8,48.5,7.7,90.3,7.3,2.4,2.0,53.7,16.2,30.1,60.2,40.9,11.0,26.7,21.5,7.65,92.7,58.6,22.0
Denmark,Males,From 15 to 24 years,8.2,70.2,21.6,48.1,57.9,23.6,18.6,77.3,9.7,13.0,58.7,48.3,15.4,36.3,14.8,30.4,1.6,8.5,59.5,10.17,19.3,40.1,89.6
Denmark,Males,From 25 to 34 years,0.4,59.4,40.2,28.4,49.4,30.3,20.3,70.2,14.7,15.1,47.2,50.6,14.7,34.7,12.2,39.9,4.3,12.3,43.5,10.17,23.1,45.2,89.7
Denmark,Males,From 35 to 44 years,0.6,45.2,54.2,22.6,47.7,33.6,18.7,78.1,16.5,5.4,44.7,50.1,12.5,37.3,23.5,40.1,6.5,11.1,42.3,10.17,28.0,46.6,81.7
Denmark,Males,From 45 to 64 years,0.2,33.5,66.3,21.6,45.7,37.3,17.0,77.6,17.9,4.6,47.2,50.8,18.1,31.0,32.7,33.1,8.6,19.1,39.2,10.17,47.7,49.9,66.2
Denmark,Males,65 years or over,0.3,36.2,63.6,20.1,41.6,40.5,17.9,82.6,15.1,2.4,38.3,50.6,24.0,25.4,37.2,30.6,7.2,17.6,44.5,10.17,79.4,54.8,61.0
Denmark,Females,From 15 to 24 years,11.3,68.8,19.9,38.7,37.6,33.7,28.7,76.4,10.1,13.5,55.7,40.2,17.3,42.5,17.6,40.6,7.8,16.1,35.4,10.17,25.8,56.6,87.6
Denmark,Females,From 25 to 34 years,4.3,61.0,34.8,25.5,28.9,36.5,34.7,76.5,11.1,12.3,31.9,51.4,12.1,36.6,18.2,36.7,5.1,13.6,44.6,10.17,28.7,64.1,82.0
Denmark,Females,From 35 to 44 years,1.4,54.8,43.8,24.2,22.7,37.8,39.5,80.0,11.2,8.8,20.2,43.8,13.4,42.8,23.7,38.9,11.1,15.6,34.4,10.17,36.4,57.7,80.0
Denmark,Females,From 45 to 64 years,2.4,52.9,44.8,25.4,24.3,40.2,35.5,78.9,17.4,3.7,25.4,49.0,16.1,34.9,36.2,39.1,11.1,17.0,32.8,10.17,53.2,66.9,63.6
Denmark,Females,65 years or over,4.1,51.1,44.8,21.4,28.2,42.8,28.9,88.3,8.8,2.9,16.8,47.4,26.7,25.9,37.0,32.7,9.1,23.2,35.0,10.17,79.5,67.3,58.6
Germany,Males,From 15 to 24 years,7.2,69.6,23.2,45.3,61.5,29.8,8.7,74.8,13.0,12.3,50.5,53.6,16.0,30.4,10.8,35.8,3.1,7.0,54.1,11.02,18.6,35.1,93.1
Germany,Males,From 25 to 34 years,1.1,54.4,44.4,31.3,67.4,26.7,5.9,63.4,24.8,11.9,49.0,55.3,18.1,26.6,16.0,35.6,4.4,10.0,50.0,11.02,23.2,39.5,87.5
Germany,Males,From 35 to 44 years,0.1,39.6,60.2,20.6,61.7,33.9,4.5,70.1,22.9,7.0,42.1,54.2,16.6,29.3,26.9,35.2,5.7,13.0,46.1,11.02,31.3,38.9,78.4
Germany,Males,From 45 to 64 years,0.2,30.4,69.4,21.3,56.1,39.3,4.6,73.3,21.2,5.5,40.5,56.2,18.1,25.7,39.8,33.6,8.9,19.2,38.4,11.02,57.4,34.5,59.8
Germany,Males,65 years or over,0.5,29.0,70.5,22.7,32.4,58.9,8.7,90.9,7.2,2.0,34.6,56.2,18.9,24.9,63.4,34.5,10.7,22.1,32.7,11.02,85.8,34.1,42.3
Germany,Females,From 15 to 24 years,11.8,69.7,18.5,32.7,49.3,38.5,12.2,78.1,12.1,9.8,38.0,53.9,14.6,31.5,12.8,39.1,6.6,16.8,37.4,11.02,30.6,51.5,90.8
Germany,Females,From 25 to 34 years,4.5,65.5,30.1,21.2,48.2,38.7,13.2,74.5,17.6,7.9,24.6,55.4,14.8,29.8,23.0,35.4,8.3,18.1,38.2,11.02,33.5,52.4,82.4
Germany,Females,From 35 to 44 years,1.8,59.6,38.7,17.4,41.5,44.7,13.8,77.4,17.0,5.7,20.6,51.3,16.5,32.2,27.5,35.5,7.9,19.5,37.1,11.02,40.4,55.4,76.6
Germany,Females,From 45 to 64 years,1.6,50.5,47.9,23.0,35.5,51.2,13.3,77.5,18.1,4.4,23.1,53.3,15.2,31.5,42.2,31.9,11.3,23.6,33.2,11.02,60.7,49.6,59.4
Germany,Females,65 years or over,2.1,39.8,58.0,17.2,22.3,63.5,14.2,93.2,5.6,1.2,21.4,52.2,20.1,27.6,58.2,27.6,17.4,28.2,26.9,11.02,86.9,43.6,39.0
Estonia,Males,From 15 to 24 years,5.2,70.0,24.9,20.6,48.9,38.2,12.9,65.6,28.5,5.9,34.8,57.1,18.0,24.9,19.0,30.4,4.2,13.2,52.2,6.08,15.8,34.9,87.8
Estonia,Males,From 25 to 34 years,1.6,54.0,44.4,11.9,41.9,45.0,13.2,61.5,32.9,5.6,44.2,59.3,19.3,21.4,22.0,29.6,7.1,13.3,50.0,6.08,18.1,33.2,83.3
Estonia,Males,From 35 to 44 years,0.4,38.6,61.1,5.7,39.0,47.5,13.5,58.0,35.7,6.3,42.8,61.1,18.2,20.7,28.4,23.5,8.1,14.8,53.7,6.08,24.4,39.6,73.9
Estonia,Males,From 45 to 64 years,1.1,31.4,67.4,4.0,42.3,43.9,13.8,54.3,42.0,3.7,38.4,54.0,23.9,22.1,55.8,22.6,11.6,17.8,48.0,6.08,44.7,35.4,38.9
Estonia,Males,65 years or over,0.8,34.9,64.3,2.1,35.7,52.5,11.9,81.8,16.4,1.8,14.3,59.9,18.7,21.4,80.5,23.2,10.5,23.1,43.2,6.08,72.2,44.5,19.3
Estonia,Females,From 15 to 24 years,11.7,69.4,18.9,8.4,40.6,39.7,19.7,79.8,15.0,5.1,13.4,60.3,14.4,25.3,16.8,29.8,7.1,20.0,43.1,6.08,21.2,48.9,87.2
Estonia,Females,From 25 to 34 years,5.4,66.9,27.8,5.1,31.0,47.7,21.3,75.4,19.3,5.4,15.9,58.0,16.0,26.0,21.3,22.9,8.6,16.5,51.9,6.08,23.5,54.7,84.6
Estonia,Females,From 35 to 44 years,4.2,56.3,39.5,3.7,28.1,49.9,22.0,77.4,18.7,3.9,14.5,57.7,18.7,23.6,23.5,23.1,11.9,16.3,48.7,6.08,21.6,51.2,77.5
Estonia,Females,From 45 to 64 years,1.0,37.0,62.0,3.3,23.9,51.2,25.0,74.6,20.9,4.6,7.6,58.0,21.5,20.5,54.2,25.9,13.4,21.4,39.2,6.08,51.1,54.2,44.9
Estonia,Females,65 years or over,1.6,29.4,69.0,0.5,29.9,54.5,15.6,93.6,5.0,1.5,1.8,58.7,22.6,18.7,83.7,26.5,16.8,25.6,31.2,6.08,81.4,56.1,13.8
Ireland,Males,From 15 to 24 years,6.8,58.5,34.7,37.3,47.0,33.7,19.4,70.6,15.1,14.4,48.3,46.0,15.2,38.8,10.1,32.8,2.3,1.3,63.6,9.68,23.6,20.9,95.7
Ireland,Males,From 25 to 34 years,0.6,45.1,54.3,24.7,36.7,39.4,23.9,69.5,19.8,10.7,51.6,55.5,18.4,26.1,12.5,30.6,2.5,5.1,61.7,9.68,18.6,32.8,92.5
Ireland,Males,From 35 to 44 years,0.8,32.4,66.8,15.7,38.7,37.9,23.4,75.8,13.4,10.9,46.9,52.3,21.5,26.2,16.8,28.6,3.0,8.0,60.4,9.68,29.1,31.4,89.0
Ireland,Males,From 45 to 64 years,0.4,28.3,71.3,8.7,37.1,40.0,23.0,77.0,17.2,5.8,42.9,49.8,18.4,31.8,32.1,28.8,6.0,12.7,52.5,9.68,50.1,23.9,78.5
Ireland,Males,65 years or over,0.8,32.8,66.4,3.5,32.6,48.4,19.0,87.4,10.2,2.4,24.9,46.7,12.8,40.5,52.8,32.3,7.1,18.7,41.9,9.68,78.3,19.2,66.7
Ireland,Females,From 15 to 24 years,5.6,66.0,28.5,14.5,42.7,30.4,26.8,73.5,17.0,9.6,34.3,41.8,20.5,37.7,9.9,31.5,4.9,6.8,56.9,9.68,31.3,31.5,94.5
Ireland,Females,From 25 to 34 years,4.0,50.9,45.1,15.9,31.3,33.3,35.4,73.8,16.7,9.5,29.3,43.6,21.9,34.5,18.2,28.2,3.1,9.9,58.9,9.68,26.8,42.0,89.9
Ireland,Females,From 35 to 44 years,1.6,53.4,45.0,12.8,24.6,34.3,41.0,78.8,13.1,8.2,22.1,47.6,18.1,34.3,18.4,27.8,4.6,10.5,57.1,9.68,33.8,44.1,88.9
Ireland,Females,From 45 to 64 years,1.5,44.9,53.6,8.2,25.4,36.6,38.0,82.1,13.6,4.3,17.3,44.2,15.0,40.8,32.1,30.5,7.0,14.6,47.9,9.68,50.9,38.8,77.7
Ireland,Females,65 years or over,3.3,44.1,52.6,2.2,25.7,44.5,29.8,88.8,8.9,2.3,8.7,40.9,12.2,46.9,53.2,30.9,10.7,23.0,35.4,9.68,81.9,27.9,65.0
Greece,Males,From 15 to 24 years,4.0,61.0,35.0,26.1,45.6,45.5,8.9,68.3,23.7,8.0,15.5,51.0,21.2,27.7,3.1,12.4,1.0,3.9,82.7,7.85,11.7,22.6,98.2
Greece,Males,From 25 to 34 years,0.1,45.2,54.7,20.7,47.8,46.6,5.6,45.5,45.4,9.1,24.5,53.1,25.5,21.3,4.9,14.1,5.7,3.2,76.9,7.85,17.7,24.0,95.1
Greece,Males,From 35 to 44 years,0.3,31.0,68.7,10.6,48.0,46.7,5.3,50.3,44.7,5.0,15.4,53.9,29.4,16.7,8.5,16.2,4.1,6.6,73.0,7.85,21.1,24.4,91.4
Greece,Males,From 45 to 64 years,0.7,25.3,74.1,4.0,30.2,60.8,9.0,56.1,39.2,4.8,17.7,52.3,28.9,18.8,22.2,21.5,5.1,3.9,69.5,7.85,43.8,22.1,76.5
Greece,Males,65 years or over,0.7,27.7,71.7,0.7,15.7,76.7,7.6,81.2,15.3,3.6,8.1,54.2,26.9,18.9,53.2,29.8,9.3,12.8,48.1,7.85,85.9,24.1,38.9
Greece,Females,From 15 to 24 years,12.5,78.3,9.2,11.7,36.2,57.8,6.1,80.3,13.4,6.3,9.2,53.2,13.5,33.2,2.7,12.7,2.2,5.5,79.6,7.85,18.0,27.4,97.1
Greece,Females,From 25 to 34 years,3.8,67.5,28.7,10.2,35.7,57.6,6.7,65.9,27.8,6.3,11.0,56.4,24.7,18.8,5.3,16.2,5.9,4.3,73.7,7.85,25.0,28.5,95.3
Greece,Females,From 35 to 44 years,4.7,57.3,38.0,5.7,36.4,56.0,7.6,61.1,32.3,6.6,6.5,55.2,25.5,19.2,8.7,19.7,9.6,8.4,62.4,7.85,31.8,32.5,90.9
Greece,Females,From 45 to 64 years,1.4,41.2,57.4,4.3,24.7,64.2,11.1,66.7,27.6,5.7,3.6,54.5,26.0,19.5,25.7,25.0,12.9,10.4,51.7,7.85,57.3,33.1,73.5
Greece,Females,65 years or over,1.3,32.9,65.8,0.8,11.0,82.6,6.3,91.3,6.7,2.0,1.9,53.0,27.3,19.7,58.8,29.4,23.2,18.9,28.5,7.85,90.5,30.9,31.4
Spain,Males,From 15 to 24 years,6.5,70.3,23.2,26.8,43.9,50.5,5.5,74.9,21.4,3.6,18.5,39.1,2.6,58.3,10.2,15.4,1.3,4.9,78.4,9.09,17.2,21.5,96.0
Spain,Males,From 25 to 34 years,0.8,53.0,46.3,23.3,38.8,54.6,6.5,59.4,35.1,5.5,23.4,39.7,6.1,54.2,11.9,16.4,4.4,6.8,72.5,9.09,24.2,23.0,92.9
Spain,Males,From 35 to 44 years,0.4,40.0,59.6,14.0,36.0,54.9,9.1,63.8,32.7,3.5,13.0,36.7,4.1,59.2,15.4,19.3,3.3,10.2,67.2,9.09,30.0,24.7,86.6
Spain,Males,From 45 to 64 years,0.6,29.9,69.5,8.5,24.4,63.3,12.3,66.5,31.4,2.1,12.7,35.7,4.1,60.2,33.5,20.6,5.6,11.4,62.3,9.09,56.1,18.2,71.4
Spain,Males,65 years or over,0.6,26.0,73.4,4.0,13.8,71.3,14.9,86.5,12.8,0.7,4.5,33.5,2.9,63.6,53.4,25.5,6.9,15.2,52.4,9.09,87.1,11.2,47.9
Spain,Females,From 15 to 24 years,13.5,69.4,17.1,12.8,39.9,54.9,5.2,82.2,15.5,2.3,9.9,35.9,2.3,61.8,10.4,21.9,3.0,12.0,63.0,9.09,33.2,30.4,95.4
Spain,Females,From 25 to 34 years,4.3,65.6,30.1,9.5,28.9,59.0,12.1,71.0,24.8,4.2,9.7,39.5,3.9,56.6,14.2,20.0,6.5,11.7,61.8,9.09,38.8,27.9,91.0
Spain,Females,From 35 to 44 years,4.2,61.5,34.4,7.5,23.8,63.2,13.1,73.0,24.5,2.5,6.2,34.1,4.4,61.5,20.8,22.8,7.8,13.5,55.9,9.09,45.6,27.4,83.2
Spain,Females,From 45 to 64 years,1.7,48.6,49.6,6.3,14.2,68.5,17.3,74.5,24.0,1.5,3.2,34.4,4.5,61.2,33.6,24.2,11.3,18.4,46.0,9.09,65.1,23.9,67.8
Spain,Females,65 years or over,1.7,32.2,66.2,3.5,11.3,71.2,17.4,95.9,3.9,0.2,1.2,34.2,4.4,61.4,59.7,25.3,18.6,27.5,28.6,9.09,92.0,16.0,34.7
France,Males,From 15 to 24 years,11.0,70.0,19.0,24.7,57.1,35.5,7.4,63.9,26.1,10.1,11.35,53.5,13.7,32.8,13.4,29.3,2.1,8.0,60.7,11.58,22.0,18.0,91.7
France,Males,From 25 to 34 years,1.3,58.1,40.6,14.9,54.9,38.3,6.8,53.2,37.8,9.0,11.01,58.0,19.0,23.0,20.2,37.5,4.9,13.5,44.1,11.58,27.4,26.6,87.3
France,Males,From 35 to 44 years,1.5,49.2,49.2,10.7,49.9,41.9,8.3,58.9,32.4,8.6,9.45,56.2,21.3,22.5,23.1,39.0,5.1,18.1,37.8,11.58,33.3,26.5,79.1
France,Males,From 45 to 64 years,0.8,37.3,61.9,8.0,36.8,50.6,12.6,67.7,27.1,5.2,9.11,55.5,21.2,23.3,40.2,43.3,5.9,20.9,30.0,11.58,51.2,21.2,66.6
France,Males,65 years or over,0.9,31.3,67.8,4.9,16.6,62.3,21.1,88.6,8.5,3.0,7.79,52.6,25.4,22.0,62.9,38.0,9.3,31.5,21.2,11.58,84.8,17.1,44.0
France,Females,From 15 to 24 years,16.6,66.7,16.7,9.5,45.8,42.7,11.5,71.9,21.0,7.1,4.5,52.7,19.0,28.3,15.7,34.5,2.6,12.6,50.3,11.58,32.1,32.0,89.5
France,Females,From 25 to 34 years,6.7,62.8,30.5,6.3,42.2,44.8,13.1,65.2,26.4,8.4,2.91,57.5,18.7,23.8,22.4,37.6,4.0,15.8,42.5,11.58,39.7,36.6,84.1
France,Females,From 35 to 44 years,5.8,57.6,36.6,4.8,33.4,51.8,14.8,66.0,28.4,5.6,2.43,54.3,20.3,25.4,28.4,37.5,5.6,21.6,35.2,11.58,43.5,37.5,77.4
France,Females,From 45 to 64 years,2.8,51.4,45.8,7.0,24.0,55.6,20.4,75.0,20.0,5.0,2.73,55.3,21.6,23.0,43.0,39.2,10.5,25.2,25.0,11.58,62.4,34.5,61.2
France,Females,65 years or over,2.8,44.0,53.2,3.7,12.3,64.3,23.4,93.1,5.6,1.3,2.54,51.4,25.3,23.3,63.7,31.8,20.1,31.8,16.3,11.58,85.1,22.3,39.8
Croatia,Males,From 15 to 24 years,3.9,68.1,28.1,22.0,34.4,60.8,4.7,73.2,23.2,3.6,19.3,28.9,5.8,65.4,4.7,11.4,0.5,2.4,85.7,6.7,9.9,14.4,95.0
Croatia,Males,From 25 to 34 years,0.8,47.0,52.2,8.8,33.6,60.7,5.7,60.5,35.5,4.1,23.9,37.8,3.2,59.0,3.5,11.4,1.1,5.3,82.2,6.7,15.3,15.9,90.5
Croatia,Males,From 35 to 44 years,0.3,30.3,69.4,7.6,33.9,58.8,7.3,59.2,37.6,3.2,18.2,41.5,8.2,50.3,17.7,21.5,3.3,14.7,60.4,6.7,25.7,26.6,73.1
Croatia,Males,From 45 to 64 years,0.1,18.8,81.1,3.0,29.0,64.8,6.1,62.3,34.1,3.7,20.6,38.7,8.8,52.5,36.6,24.5,8.0,16.3,51.3,6.7,54.6,26.8,48.5
Croatia,Males,65 years or over,0.5,26.1,73.4,0.8,28.3,65.3,6.4,85.6,13.3,1.1,11.6,45.5,11.5,43.0,64.0,26.8,12.1,21.7,39.4,6.7,81.9,37.1,18.2
Croatia,Females,From 15 to 24 years,12.4,76.8,10.9,6.1,26.9,67.2,5.9,74.4,17.6,8.0,7.7,32.4,3.6,63.9,5.3,19.7,1.6,4.6,74.1,6.7,12.8,24.4,95.8
Croatia,Females,From 25 to 34 years,7.1,69.3,23.6,5.2,28.4,63.1,8.5,68.5,27.5,4.0,4.4,35.8,3.5,60.7,6.3,20.4,2.5,9.9,67.2,6.7,22.5,34.6,91.6
Croatia,Females,From 35 to 44 years,2.0,59.0,38.9,2.6,27.8,62.9,9.2,66.6,28.8,4.6,3.6,37.1,9.8,53.1,11.6,28.5,5.9,12.4,53.3,6.7,33.8,36.9,77.9
Croatia,Females,From 45 to 64 years,0.7,41.4,57.9,2.1,20.1,71.3,8.6,68.9,26.4,4.8,3.8,39.0,8.4,52.6,37.0,29.6,9.1,18.7,42.7,6.7,61.2,38.1,46.0
Croatia,Females,65 years or over,2.4,30.3,67.3,0.5,23.8,69.9,6.3,91.7,6.7,1.7,2.4,42.8,12.4,44.7,71.0,25.4,19.7,27.7,27.3,6.7,86.1,39.5,12.3
Italy,Males,From 15 to 24 years,6.2,74.0,19.8,24.3,40.9,51.7,7.4,76.2,15.2,8.6,13.6,51.0,10.8,38.2,5.7,9.5,2.2,4.6,83.7,8.87,11.5,13.0,95.0
Italy,Males,From 25 to 34 years,1.7,57.9,40.4,17.0,37.6,56.5,5.9,58.1,31.4,10.5,15.8,54.0,16.2,29.8,6.5,11.9,3.9,4.9,79.4,8.87,13.5,18.1,92.6
Italy,Males,From 35 to 44 years,0.4,47.1,52.6,12.7,31.0,62.0,7.0,62.5,30.4,7.1,12.0,53.2,19.6,27.2,11.5,15.1,4.4,8.4,72.1,8.87,19.4,21.2,87.4
Italy,Males,From 45 to 64 years,0.4,38.1,61.5,7.1,22.9,67.1,10.0,70.7,24.4,4.9,9.0,56.5,18.4,25.1,22.8,17.4,6.9,11.2,64.5,8.87,37.0,17.5,70.6
Italy,Males,65 years or over,0.9,35.3,63.8,2.8,14.4,72.0,13.6,85.7,11.6,2.7,5.9,56.1,17.9,26.0,49.9,20.1,10.1,15.0,54.8,8.87,62.9,12.9,35.6
Italy,Females,From 15 to 24 years,18.5,70.0,11.5,12.2,34.0,55.4,10.6,82.2,11.2,6.6,5.6,54.0,11.4,34.6,6.3,12.3,3.9,6.5,77.3,8.87,16.4,18.8,95.0
Italy,Females,From 25 to 34 years,9.5,71.9,18.6,8.8,27.5,62.1,10.4,76.4,17.2,6.4,6.3,54.0,14.5,31.5,8.1,15.0,5.6,7.2,72.2,8.87,23.8,24.9,90.7
Italy,Females,From 35 to 44 years,5.7,68.6,25.6,6.3,23.0,65.7,11.3,80.5,15.0,4.5,3.9,53.3,17.7,29.0,13.2,17.3,7.3,9.6,65.9,8.87,29.6,26.2,84.4
Italy,Females,From 45 to 64 years,3.3,57.0,39.7,4.6,17.4,66.8,15.8,78.1,17.8,4.0,2.8,55.9,18.8,25.4,23.8,19.7,12.0,14.9,53.4,8.87,43.6,24.0,67.0
Italy,Females,65 years or over,2.7,44.8,52.5,1.4,13.2,70.7,16.2,92.1,6.8,1.1,1.5,54.9,18.7,26.3,55.1,21.0,20.2,22.8,36.0,8.87,67.2,17.9,26.2
Cyprus,Males,From 15 to 24 years,4.4,73.3,22.3,15.0,51.4,38.4,10.2,63.3,33.2,3.5,5.1,39.3,1.6,59.2,7.9,5.3,3.2,3.5,88.0,6.96,10.0,8.5,96.0
Cyprus,Males,From 25 to 34 years,1.0,52.0,47.0,11.7,45.8,43.8,10.5,44.6,49.5,5.9,10.0,41.6,7.0,51.4,11.3,9.7,3.6,5.6,81.1,6.96,12.3,12.9,95.3
Cyprus,Males,From 35 to 44 years,0.6,37.6,61.9,5.8,42.4,43.4,14.2,53.0,43.1,3.9,9.4,47.3,10.7,42.0,20.5,7.1,6.0,6.0,80.9,6.96,21.2,22.1,86.8
Cyprus,Males,From 45 to 64 years,0.0,27.9,72.1,3.4,29.1,53.9,17.0,56.5,39.7,3.9,11.3,40.0,7.3,52.7,46.4,12.3,7.5,6.9,73.3,6.96,47.0,16.3,71.1
Cyprus,Males,65 years or over,0.0,27.7,72.3,1.3,18.4,57.8,23.8,78.8,20.8,0.4,6.3,40.2,7.3,52.5,74.3,15.9,14.3,15.6,54.2,6.96,82.0,18.6,43.0
Cyprus,Females,From 15 to 24 years,15.0,68.6,16.4,6.7,37.8,48.9,13.3,87.7,9.1,3.2,3.3,36.6,4.3,59.0,8.1,7.6,2.9,5.6,83.9,6.96,12.2,17.0,97.8
Cyprus,Females,From 25 to 34 years,15.2,66.9,17.9,5.9,35.2,50.0,14.8,70.9,24.6,4.4,1.9,44.2,7.2,48.6,11.2,13.6,7.5,4.1,74.8,6.96,15.3,26.7,94.6
Cyprus,Females,From 35 to 44 years,7.0,65.5,27.5,3.9,27.0,56.7,16.3,78.9,17.5,3.6,1.2,40.0,5.3,54.7,16.4,12.3,7.1,7.8,72.8,6.96,25.2,28.7,89.1
Cyprus,Females,From 45 to 64 years,1.3,47.0,51.6,2.4,23.6,56.1,20.3,83.9,12.9,3.2,1.3,38.3,7.1,54.5,42.8,19.3,14.9,11.1,54.7,6.96,48.0,28.6,69.7
Cyprus,Females,65 years or over,0.7,35.4,64.0,0.3,23.8,57.6,18.6,94.7,4.4,0.9,1.1,45.8,5.0,49.3,81.1,21.8,26.4,17.1,34.7,6.96,86.5,22.3,28.7
Latvia,Males,From 15 to 24 years,3.2,72.2,24.6,36.0,57.3,32.7,10.0,63.9,25.2,11.0,26.5,67.0,9.7,23.3,10.0,20.4,1.9,4.2,73.4,5.46,12.3,34.5,86.3
Latvia,Males,From 25 to 34 years,0.6,48.8,50.5,22.4,59.0,33.6,7.5,46.0,43.3,10.8,43.6,60.1,21.6,18.3,13.5,18.8,1.8,6.0,73.4,5.46,12.8,38.6,81.0
Latvia,Males,From 35 to 44 years,0.5,37.5,62.0,12.7,50.2,41.3,8.5,46.6,49.1,4.3,40.3,59.9,22.7,17.4,24.6,28.7,3.1,5.9,62.3,5.46,17.4,40.4,63.8
Latvia,Males,From 45 to 64 years,0.6,31.9,67.5,7.5,55.5,35.7,8.7,55.3,40.8,3.9,33.9,58.1,23.9,18.0,44.7,29.8,3.5,8.4,58.3,5.46,38.1,45.0,32.7
Latvia,Males,65 years or over,0.4,32.2,67.3,4.7,50.4,39.3,10.4,77.5,20.1,2.4,17.4,59.0,26.5,14.4,73.5,37.2,6.0,11.6,45.1,5.46,66.8,54.3,9.0
Latvia,Females,From 15 to 24 years,8.3,78.6,13.1,17.3,48.3,37.9,13.8,74.8,15.3,9.9,13.2,59.0,15.0,26.0,10.8,26.1,3.4,2.6,67.9,5.46,25.9,53.8,86.2
Latvia,Females,From 25 to 34 years,5.7,70.5,23.8,13.7,44.4,40.8,14.8,75.6,17.4,7.0,11.5,62.6,18.1,19.4,11.9,28.8,2.0,3.2,66.1,5.46,21.9,58.5,81.4
Latvia,Females,From 35 to 44 years,3.2,55.9,40.9,8.0,41.2,45.7,13.2,74.3,21.9,3.8,13.8,61.4,21.0,17.6,24.5,29.4,2.4,8.0,60.3,5.46,30.0,62.7,62.2
Latvia,Females,From 45 to 64 years,1.0,31.6,67.4,4.2,39.0,45.0,16.0,78.3,17.8,3.9,7.4,56.7,23.2,20.1,48.8,32.7,6.7,12.0,48.6,5.46,54.2,64.4,30.8
Latvia,Females,65 years or over,0.5,22.8,76.6,1.5,48.2,42.6,9.2,94.4,5.5,0.2,2.2,52.2,29.8,18.0,80.2,41.6,9.3,16.2,32.9,5.46,80.0,66.4,7.8
Lithuania,Males,From 15 to 24 years,4.8,74.8,20.5,33.1,43.9,41.7,14.4,71.3,18.6,10.2,21.5,58.2,12.3,29.6,5.9,10.4,2.6,5.1,81.9,6.2,9.8,36.2,93.6
Lithuania,Males,From 25 to 34 years,0.4,54.1,45.5,20.7,43.1,45.7,11.2,52.8,42.0,5.2,42.8,65.4,14.1,20.5,8.3,14.0,1.2,6.6,78.2,6.2,8.3,36.6,84.3
Lithuania,Males,From 35 to 44 years,0.4,41.1,58.5,8.2,51.3,38.2,10.5,51.2,40.2,8.6,47.9,63.5,17.9,18.6,16.9,24.8,3.9,13.1,58.2,6.2,17.5,41.1,69.1
Lithuania,Males,From 45 to 64 years,0.4,28.8,70.8,4.0,46.0,43.2,10.8,51.4,42.8,5.8,38.9,58.3,18.8,22.9,34.9,28.4,7.4,24.9,39.4,6.2,41.8,53.4,32.2
Lithuania,Males,65 years or over,0.6,31.4,68.0,1.3,46.7,39.7,13.6,79.7,17.5,2.8,14.6,60.2,14.6,25.2,65.1,29.1,11.5,31.1,28.4,6.2,76.2,60.7,6.2
Lithuania,Females,From 15 to 24 years,13.2,77.2,9.6,14.2,39.4,46.3,14.3,88.9,8.5,2.6,7.7,62.2,7.2,30.6,6.6,13.6,4.0,9.7,72.7,6.2,10.6,47.3,87.4
Lithuania,Females,From 25 to 34 years,6.2,70.5,23.4,3.2,35.0,47.6,17.5,78.3,16.3,5.4,12.5,59.3,15.5,25.2,4.9,17.7,6.3,14.0,61.9,6.2,13.8,56.7,86.6
Lithuania,Females,From 35 to 44 years,3.5,52.5,44.0,6.0,35.3,48.1,16.6,80.7,15.4,3.9,15.6,56.1,17.2,26.7,17.3,28.3,7.0,15.7,49.0,6.2,23.5,61.4,62.6
Lithuania,Females,From 45 to 64 years,0.7,32.7,66.6,2.9,33.0,49.0,18.0,85.6,10.5,3.9,9.3,55.9,15.5,28.5,37.5,28.5,12.5,25.5,33.5,6.2,55.5,71.4,28.6
Lithuania,Females,65 years or over,0.5,26.3,73.1,0.6,45.1,42.0,12.9,98.3,1.1,0.6,1.9,53.3,20.2,26.5,75.7,23.3,23.0,37.9,15.8,6.2,85.0,73.3,3.0
Luxembourg,Males,From 15 to 24 years,7.2,67.1,25.7,37.1,45.9,40.1,14.0,75.1,17.6,7.2,44.1,55.7,16.0,28.3,9.1,42.0,1.6,10.3,46.1,5.44,24.7,28.2,92.0
Luxembourg,Males,From 25 to 34 years,0.8,54.4,44.8,25.4,55.2,34.8,10.0,71.1,20.0,9.0,49.3,51.7,20.8,27.5,9.8,41.7,3.6,11.6,43.1,5.44,31.9,33.0,89.0
Luxembourg,Males,From 35 to 44 years,1.3,41.3,57.4,20.9,50.5,39.9,9.6,74.5,18.4,7.1,48.5,48.3,20.3,31.4,13.1,35.9,6.0,15.1,42.9,5.44,38.7,32.6,80.4
Luxembourg,Males,From 45 to 64 years,0.1,34.1,65.8,16.0,40.7,47.9,11.4,75.5,17.4,7.1,46.1,49.8,19.2,31.0,26.1,38.8,9.6,18.7,32.9,5.44,66.8,30.9,66.4
Luxembourg,Males,65 years or over,0.6,32.0,67.4,13.3,25.9,60.3,13.8,88.3,9.7,2.0,36.0,54.9,22.9,22.2,40.7,42.6,9.6,22.8,25.0,5.44,89.0,27.5,53.6
Luxembourg,Females,From 15 to 24 years,7.5,77.3,15.2,21.4,40.3,41.8,17.9,80.0,11.4,8.7,31.0,47.9,16.3,35.8,8.8,45.2,6.2,10.8,37.7,5.44,33.5,36.9,93.3
Luxembourg,Females,From 25 to 34 years,7.8,64.7,27.5,15.9,38.5,43.2,18.3,79.1,12.2,8.7,26.9,51.2,15.2,33.6,13.7,40.3,5.4,15.5,38.9,5.44,42.2,40.3,87.7
Luxembourg,Females,From 35 to 44 years,4.6,58.3,37.1,15.5,28.9,54.8,16.3,77.9,16.1,6.0,24.0,50.6,16.7,32.8,17.8,40.3,8.2,15.5,36.0,5.44,46.5,41.2,79.7
Luxembourg,Females,From 45 to 64 years,2.8,51.1,46.1,14.7,22.7,57.7,19.6,80.7,16.1,3.2,22.2,47.5,17.1,35.3,29.2,39.7,11.1,24.1,25.1,5.44,67.3,41.8,62.0
Luxembourg,Females,65 years or over,3.5,42.6,54.0,4.0,19.5,60.5,20.0,94.8,4.1,1.1,18.0,48.4,20.8,30.9,42.5,36.3,14.1,30.8,18.9,5.44,86.6,30.3,49.1
Hungary,Males,From 15 to 24 years,6.9,69.6,23.5,38.3,43.5,49.1,7.4,63.7,32.9,3.4,16.8,55.8,9.2,35.0,6.5,14.0,3.4,5.5,77.1,7.09,14.5,40.5,94.3
Hungary,Males,From 25 to 34 years,2.5,47.8,49.6,19.5,42.1,52.9,5.0,57.7,40.6,1.7,16.4,58.0,8.3,33.7,7.9,15.4,2.4,8.4,73.8,7.09,15.2,37.7,91.5
Hungary,Males,From 35 to 44 years,0.3,35.1,64.6,13.9,45.7,47.4,7.0,61.8,36.0,2.2,13.6,59.6,12.0,28.4,17.3,19.3,5.6,8.3,66.8,7.09,27.3,40.9,79.5
Hungary,Males,From 45 to 64 years,1.1,23.7,75.2,7.5,38.1,53.9,8.0,67.2,30.9,1.9,14.2,54.6,16.4,29.0,44.0,23.4,7.8,13.1,55.6,7.09,58.4,42.0,45.4
Hungary,Males,65 years or over,0.8,27.1,72.1,3.8,22.1,65.9,12.0,82.0,17.7,0.4,10.6,49.9,18.0,32.2,72.6,29.7,12.8,18.2,39.3,7.09,85.7,46.8,15.7
Hungary,Females,From 15 to 24 years,16.6,70.1,13.3,23.5,38.0,50.5,11.5,75.2,21.2,3.7,5.7,48.2,11.0,40.8,7.9,14.0,3.3,7.0,75.7,7.09,27.0,43.4,93.4
Hungary,Females,From 25 to 34 years,7.8,62.0,30.2,17.0,36.6,52.6,10.8,71.4,25.4,3.2,3.4,49.7,9.4,40.8,9.7,15.9,3.4,8.5,72.1,7.09,29.1,50.8,88.1
Hungary,Females,From 35 to 44 years,4.7,57.1,38.2,9.8,30.4,60.9,8.7,76.2,22.4,1.3,2.2,52.6,11.6,35.8,17.8,16.9,5.9,8.9,68.3,7.09,30.6,55.3,79.4
Hungary,Females,From 45 to 64 years,1.5,37.2,61.3,7.3,26.3,60.1,13.6,70.8,28.5,0.7,3.5,52.4,13.1,34.5,48.8,24.0,12.2,13.3,50.5,7.09,66.1,52.8,44.0
Hungary,Females,65 years or over,1.1,33.9,65.0,2.9,20.3,66.3,13.4,93.0,6.6,0.5,2.0,45.8,15.2,39.0,80.1,25.2,21.1,24.4,29.4,7.09,90.3,54.6,11.4
Malta,Males,From 15 to 24 years,5.4,56.9,37.7,20.0,48.7,40.9,10.5,74.1,18.1,7.8,42.3,51.9,6.3,41.8,18.1,22.8,2.6,4.0,70.6,9.35,20.3,30.2,95.4
Malta,Males,From 25 to 34 years,1.0,37.3,61.7,12.5,48.0,40.1,11.9,68.4,27.8,3.8,31.0,53.5,8.2,38.3,5.7,18.7,3.5,5.2,72.5,9.35,18.2,28.7,95.6
Malta,Males,From 35 to 44 years,0.4,27.4,72.2,7.8,38.2,49.3,12.6,66.3,27.4,6.3,25.8,60.2,4.5,35.3,9.8,24.7,3.9,6.6,64.7,9.35,29.4,33.1,90.4
Malta,Males,From 45 to 64 years,0.4,24.8,74.8,3.1,36.9,48.6,14.4,71.2,25.3,3.5,20.6,52.1,9.3,38.6,34.6,30.5,6.0,6.3,57.2,9.35,56.0,26.2,71.9
Malta,Males,65 years or over,0.8,27.3,71.9,0.8,30.1,53.1,16.8,83.3,15.9,0.8,12.7,46.6,7.8,45.6,63.2,34.6,7.6,10.2,47.6,9.35,77.4,27.3,39.6
Malta,Females,From 15 to 24 years,10.0,62.6,27.4,6.5,46.9,38.9,14.2,81.0,13.0,5.9,25.8,55.1,7.2,37.7,19.2,22.5,4.1,3.3,70.1,9.35,23.7,36.5,97.1
Malta,Females,From 25 to 34 years,3.9,53.7,42.4,4.3,38.8,45.0,16.2,71.8,22.5,5.7,14.3,46.0,7.6,46.4,7.2,27.4,2.5,6.8,63.3,9.35,20.7,34.2,94.7
Malta,Females,From 35 to 44 years,4.2,42.7,53.1,1.7,30.7,48.1,21.2,73.7,21.4,4.9,13.2,53.3,6.3,40.4,11.6,28.6,7.7,6.1,57.7,9.35,38.1,35.8,90.1
Malta,Females,From 45 to 64 years,1.1,35.8,63.1,1.3,26.4,50.8,22.8,74.8,22.2,2.9,9.9,47.4,9.7,42.9,34.8,37.0,8.3,11.1,43.7,9.35,60.6,41.8,71.1
Malta,Females,65 years or over,0.8,29.3,69.9,0.9,21.9,54.7,23.4,94.6,4.7,0.7,6.1,45.9,7.9,46.2,68.0,44.0,13.9,14.1,28.0,9.35,84.7,38.2,33.3
Netherlands,Males,From 15 to 24 years,9.1,74.5,16.3,19.95,61.9,23.2,15.0,68.4,19.0,12.6,5.8,51.7,7.9,40.4,17.2,46.6,3.3,7.4,42.8,10.57,18.2,26.6,92.6
Netherlands,Males,From 25 to 34 years,1.6,61.9,36.6,11.75,61.8,19.7,18.5,61.3,28.7,10.0,4.66,50.7,12.6,36.7,15.5,39.2,4.7,10.4,45.7,10.57,22.6,40.9,89.4
Netherlands,Males,From 35 to 44 years,0.6,44.3,55.1,9.35,57.6,21.4,21.0,68.7,24.4,6.8,4.4,50.9,12.4,36.7,22.8,40.9,6.5,9.1,43.4,10.57,28.7,36.3,89.3
Netherlands,Males,From 45 to 64 years,0.5,34.5,65.0,8.95,53.9,26.5,19.6,70.7,24.0,5.4,4.66,51.4,21.2,27.4,35.4,36.1,10.4,11.3,42.2,10.57,47.3,28.6,77.5
Netherlands,Males,65 years or over,0.2,35.9,63.8,43.0,30.6,37.1,32.4,84.4,11.8,3.8,3.77,46.8,30.2,23.0,48.2,37.6,9.5,10.8,42.1,10.57,78.5,29.2,64.2
Netherlands,Females,From 15 to 24 years,8.5,72.2,19.3,17.0,57.5,22.2,20.2,73.9,17.4,8.7,2.08,54.1,8.1,37.8,18.0,51.4,6.8,14.1,27.7,10.57,25.7,42.5,91.6
Netherlands,Females,From 25 to 34 years,4.1,60.7,35.1,11.2,45.5,30.9,23.6,73.1,17.4,9.5,1.19,52.0,11.9,36.1,27.8,40.8,8.7,13.8,36.8,10.57,27.0,49.5,87.8
Netherlands,Females,From 35 to 44 years,1.5,54.5,43.9,10.65,45.4,30.1,24.6,79.8,15.9,4.3,0.76,51.8,13.7,34.4,30.5,42.6,12.3,13.7,31.4,10.57,36.9,46.6,81.3
Netherlands,Females,From 45 to 64 years,1.0,47.8,51.2,11.15,38.1,31.2,30.7,76.1,20.1,3.8,0.95,51.6,20.0,28.5,44.9,40.6,17.1,15.1,27.2,10.57,54.6,50.2,70.1
Netherlands,Females,65 years or over,1.0,44.2,54.8,31.0,21.8,41.1,37.1,87.3,11.0,1.7,0.63,46.5,31.7,21.8,53.8,36.5,17.9,18.4,27.2,10.57,80.2,44.9,58.0
Austria,Males,From 15 to 24 years,3.7,69.4,26.9,52.0,48.6,45.2,6.1,58.6,29.6,11.8,44.7,33.4,3.8,62.8,16.7,22.7,2.5,4.3,70.6,10.37,14.5,30.1,91.3
Austria,Males,From 25 to 34 years,0.5,53.2,46.2,31.8,44.8,50.3,4.9,56.6,35.0,8.4,38.3,35.9,5.9,58.2,16.7,22.8,3.2,6.6,67.5,10.37,22.3,33.6,89.6
Austria,Males,From 35 to 44 years,1.5,43.3,55.2,20.9,44.5,52.0,3.5,60.8,33.3,5.9,24.5,33.3,8.5,58.1,26.3,26.0,5.6,11.0,57.4,10.37,31.0,30.5,81.4
Austria,Males,From 45 to 64 years,0.3,33.8,65.9,21.9,40.4,56.4,3.2,66.5,27.4,6.0,21.2,37.1,9.1,53.9,40.8,27.9,10.3,14.0,47.8,10.37,51.3,25.5,64.4
Austria,Males,65 years or over,1.2,34.1,64.7,26.8,29.5,66.5,4.1,89.0,9.3,1.6,10.0,43.2,14.9,41.8,55.4,29.2,10.8,17.7,42.3,10.37,80.9,24.1,49.0
Austria,Females,From 15 to 24 years,12.1,73.6,14.3,28.4,28.7,61.0,10.3,67.6,23.8,8.6,32.9,37.7,6.1,56.2,16.2,24.7,3.8,8.7,62.9,10.37,26.4,34.4,91.1
Austria,Females,From 25 to 34 years,6.4,67.5,26.2,17.7,26.4,61.2,12.4,62.7,30.6,6.7,15.7,38.6,6.1,55.2,20.6,26.9,6.3,7.0,59.7,10.37,34.0,41.7,85.5
Austria,Females,From 35 to 44 years,4.3,63.6,32.1,18.9,27.4,63.5,9.1,65.7,28.7,5.6,10.3,33.1,9.8,57.1,26.4,27.4,9.5,12.7,50.4,10.37,40.9,43.7,76.0
Austria,Females,From 45 to 64 years,1.7,53.0,45.2,23.0,21.3,68.0,10.6,69.5,25.6,4.9,7.8,36.3,7.9,55.9,40.9,29.1,11.9,17.7,41.3,10.37,59.3,42.3,65.0
Austria,Females,65 years or over,1.7,39.9,58.4,20.3,16.7,75.3,8.0,91.8,6.3,1.8,4.1,41.1,15.4,43.5,61.2,27.1,18.0,23.9,31.0,10.37,86.3,37.1,41.1
Poland,Males,From 15 to 24 years,5.4,72.2,22.4,18.1,40.5,52.3,7.2,76.0,18.2,5.8,27.0,56.9,9.1,34.0,9.8,9.5,2.2,5.6,82.7,6.25,13.8,34.2,92.6
Poland,Males,From 25 to 34 years,0.6,44.5,54.9,9.5,41.0,49.9,9.1,64.8,30.7,4.4,38.3,56.4,11.6,31.9,10.9,15.4,4.4,9.5,70.8,6.25,17.7,43.3,88.7
Poland,Males,From 35 to 44 years,0.6,30.3,69.2,5.9,36.8,55.5,7.7,65.1,30.9,4.0,32.7,56.6,15.4,27.9,18.2,16.3,7.0,14.5,62.3,6.25,26.6,42.7,78.7
Poland,Males,From 45 to 64 years,0.3,25.6,74.1,1.4,38.5,53.6,7.9,61.2,35.8,3.1,29.1,57.0,18.2,24.8,41.4,23.2,11.2,22.6,42.9,6.25,54.5,43.9,45.0
Poland,Males,65 years or over,0.9,26.3,72.8,0.3,34.9,56.7,8.4,79.8,18.5,1.7,13.4,55.7,16.7,27.6,65.2,27.4,16.1,28.8,27.7,6.25,83.3,46.7,18.5
Poland,Females,From 15 to 24 years,15.6,71.7,12.7,6.4,35.2,54.2,10.6,86.2,9.5,4.3,9.8,51.0,7.9,41.2,7.7,13.9,6.7,10.0,69.4,6.25,22.4,53.1,93.9
Poland,Females,From 25 to 34 years,6.0,69.6,24.4,5.1,30.7,57.3,12.0,79.7,16.3,4.1,11.2,54.2,12.6,33.2,11.1,18.8,6.1,12.1,63.0,6.25,29.4,59.3,89.1
Poland,Females,From 35 to 44 years,3.4,58.8,37.7,4.2,27.9,59.8,12.2,78.5,18.2,3.3,11.0,54.9,12.5,32.6,21.1,20.7,11.5,15.8,52.0,6.25,36.3,62.4,76.0
Poland,Females,From 45 to 64 years,1.5,39.6,58.8,1.1,24.8,61.7,13.5,70.5,26.2,3.3,7.0,54.5,12.8,32.7,43.6,24.6,14.8,25.5,35.0,6.25,63.9,61.0,41.4
Poland,Females,65 years or over,1.7,30.2,68.1,0.2,30.0,60.6,9.4,90.6,8.3,1.1,2.2,53.7,16.5,29.7,74.3,22.4,26.7,32.4,18.4,6.25,90.3,58.7,12.5
Portugal,Males,From 15 to 24 years,8.8,67.6,23.5,24.5,43.2,50.0,6.8,75.0,18.1,6.9,19.0,53.9,8.2,37.9,14.7,21.7,3.2,5.8,69.3,9.02,23.8,29.0,83.0
Portugal,Males,From 25 to 34 years,1.9,55.1,43.0,21.9,32.8,56.2,10.9,58.1,34.0,7.9,27.6,54.2,9.1,36.7,17.4,20.1,5.5,7.0,67.5,9.02,18.6,29.7,77.0
Portugal,Males,From 35 to 44 years,0.0,41.9,58.1,10.1,24.5,59.3,16.2,66.9,28.9,4.2,23.8,57.3,11.8,30.9,21.4,24.4,6.4,9.5,59.7,9.02,30.7,26.7,67.2
Portugal,Males,From 45 to 64 years,0.5,32.0,67.5,4.7,18.5,63.7,17.8,67.8,28.4,3.7,17.3,58.0,12.8,29.1,41.3,23.2,11.3,12.2,53.2,9.02,57.6,19.1,39.5
Portugal,Males,65 years or over,0.4,33.3,66.3,2.0,14.7,66.9,18.4,91.6,7.4,0.9,7.1,55.0,12.8,32.2,65.3,25.6,16.4,17.2,40.8,9.02,87.2,15.1,14.5
Portugal,Females,From 15 to 24 years,13.5,66.6,19.9,8.8,32.3,56.4,11.3,82.6,12.0,5.4,7.7,54.5,7.4,38.0,16.3,26.0,5.7,9.9,58.3,9.02,32.5,24.2,82.3
Portugal,Females,From 25 to 34 years,3.0,69.5,27.5,8.6,24.5,57.6,17.9,77.7,18.0,4.3,5.5,57.4,11.6,31.0,21.6,24.4,10.8,10.9,53.9,9.02,37.3,29.9,75.6
Portugal,Females,From 35 to 44 years,2.4,55.3,42.4,2.8,19.0,57.8,23.2,80.5,16.5,2.9,3.6,54.4,13.5,32.1,27.5,26.0,13.5,14.4,46.1,9.02,45.0,27.9,62.1
Portugal,Females,From 45 to 64 years,0.9,39.3,59.8,3.0,12.9,60.9,26.2,86.2,11.9,1.9,2.6,53.2,14.1,32.7,49.3,25.1,22.3,18.5,34.0,9.02,69.3,26.2,30.5
Portugal,Females,65 years or over,1.7,34.4,63.9,1.6,12.5,68.9,18.6,98.1,1.8,0.1,0.8,50.7,12.6,36.7,73.8,23.5,34.2,24.2,18.1,9.02,92.8,19.9,8.2
Romania,Males,From 15 to 24 years,3.6,73.7,22.8,5.9,65.5,30.2,4.3,75.9,15.0,9.0,27.1,57.0,23.7,19.3,3.2,6.8,0.6,0.4,92.2,5.03,1.7,6.7,96.7
Romania,Males,From 25 to 34 years,1.1,48.4,50.5,2.6,64.1,32.7,3.2,43.8,44.0,12.2,56.1,59.4,23.1,17.5,4.0,18.2,0.5,1.0,80.4,5.03,2.7,6.7,95.3
Romania,Males,From 35 to 44 years,0.1,34.3,65.6,0.6,69.4,28.1,2.5,52.0,41.4,6.6,61.5,55.7,24.6,19.7,5.1,27.9,1.3,3.5,67.2,5.03,4.9,8.3,91.9
Romania,Males,From 45 to 64 years,0.5,23.3,76.3,0.3,69.2,28.1,2.7,55.7,37.4,6.8,61.7,59.5,28.4,12.1,17.9,44.7,3.2,13.4,38.7,5.03,22.0,13.0,69.2
Romania,Males,65 years or over,0.4,31.1,68.5,0.0,68.1,29.4,2.5,82.6,13.7,3.6,43.6,56.3,31.3,12.4,48.8,37.2,13.7,35.8,13.3,5.03,57.3,18.1,24.7
Romania,Females,From 15 to 24 years,8.1,79.5,12.4,0.8,58.6,36.0,5.4,88.9,5.4,5.7,10.0,54.7,19.4,25.9,0.6,8.1,0.6,1.7,89.6,5.03,3.1,13.1,98.8
Romania,Females,From 25 to 34 years,3.8,70.0,26.1,0.3,60.8,35.7,3.6,77.6,16.3,6.1,19.2,59.7,22.2,18.1,2.8,24.3,0.7,2.1,73.0,5.03,4.9,18.3,95.4
Romania,Females,From 35 to 44 years,1.1,56.1,42.8,0.2,62.7,32.9,4.4,81.5,12.0,6.5,23.1,58.1,22.6,19.4,6.5,34.8,0.6,5.0,59.6,5.03,5.7,16.1,89.3
Romania,Females,From 45 to 64 years,0.9,36.5,62.6,0.0,63.7,32.2,4.1,87.6,8.2,4.1,22.1,59.5,27.6,12.9,25.7,44.9,4.6,19.1,31.5,5.03,32.0,21.4,57.5
Romania,Females,65 years or over,0.6,36.6,62.9,0.0,65.2,31.9,2.9,97.6,1.7,0.7,12.2,54.9,32.5,12.6,59.1,33.0,20.4,38.3,8.3,5.03,63.6,21.9,14.7
Slovenia,Males,From 15 to 24 years,3.2,69.5,27.3,46.9,43.5,48.0,8.5,76.4,16.5,7.1,42.7,50.1,10.6,39.4,11.0,37.0,3.5,9.7,49.8,8.5,13.1,29.8,92.7
Slovenia,Males,From 25 to 34 years,0.7,49.6,49.7,29.1,44.0,51.1,4.9,61.0,29.3,9.7,37.6,50.0,15.7,34.3,11.8,31.1,4.1,13.3,51.5,8.5,14.3,29.8,90.3
Slovenia,Males,From 35 to 44 years,0.0,29.7,70.3,20.3,42.2,53.4,4.4,68.5,25.1,6.4,31.7,54.8,15.3,29.9,18.9,28.0,5.6,17.1,49.3,8.5,21.9,29.9,80.2
Slovenia,Males,From 45 to 64 years,0.9,24.3,74.9,17.2,29.8,63.8,6.3,70.1,25.1,4.8,24.2,50.1,14.2,35.7,37.4,33.1,8.1,22.8,36.0,8.5,53.8,26.5,56.8
Slovenia,Males,65 years or over,0.2,29.5,70.3,10.8,14.4,79.5,6.1,90.5,8.1,1.5,13.7,46.0,10.5,43.5,60.6,33.9,11.9,25.3,28.9,8.5,82.4,26.5,34.7
Slovenia,Females,From 15 to 24 years,8.9,71.7,19.4,31.1,34.0,58.7,7.3,75.5,16.1,8.4,24.4,52.2,10.9,36.9,13.6,43.8,6.3,17.9,32.0,8.5,20.1,39.1,90.2
Slovenia,Females,From 25 to 34 years,6.3,67.7,25.9,24.0,26.7,62.2,11.2,73.2,19.5,7.3,16.0,49.7,12.9,37.4,13.6,31.9,6.1,18.1,44.0,8.5,19.7,36.8,87.7
Slovenia,Females,From 35 to 44 years,1.8,56.8,41.4,15.1,24.1,67.5,8.4,72.2,20.9,6.9,8.2,47.8,14.7,37.4,18.6,34.0,4.8,21.8,39.4,8.5,29.2,41.1,78.3
Slovenia,Females,From 45 to 64 years,1.1,41.4,57.6,15.7,18.7,72.2,9.2,74.3,20.8,5.0,8.4,48.5,14.7,36.8,39.0,33.9,13.0,27.0,26.0,8.5,59.0,37.0,53.7
Slovenia,Females,65 years or over,1.3,34.8,63.9,7.4,10.8,80.8,8.4,94.9,4.1,1.0,2.7,43.7,13.3,43.0,66.3,26.2,21.7,34.5,17.5,8.5,88.0,35.4,26.6
Slovakia,Males,From 15 to 24 years,4.7,70.2,25.1,31.9,54.4,39.1,6.5,63.9,22.7,13.4,18.8,57.1,15.7,27.2,5.8,10.1,4.0,4.0,81.8,6.89,14.8,27.9,96.6
Slovakia,Males,From 25 to 34 years,0.9,49.5,49.6,20.8,57.3,35.0,7.8,55.6,36.7,7.6,23.9,58.5,19.3,22.2,7.6,18.3,2.3,5.6,73.8,6.89,16.3,31.4,93.1
Slovakia,Males,From 35 to 44 years,0.0,31.4,68.6,12.3,53.0,38.7,8.3,57.4,37.1,5.5,23.6,56.9,22.7,20.4,18.5,19.0,4.4,9.0,67.7,6.89,22.3,34.5,82.6
Slovakia,Males,From 45 to 64 years,0.9,22.7,76.4,6.2,53.3,38.4,8.2,60.6,32.2,7.2,23.6,54.0,30.3,15.7,34.6,28.3,10.1,16.0,45.6,6.89,55.1,36.1,54.0
Slovakia,Males,65 years or over,1.0,23.2,75.8,0.0,52.6,38.3,9.1,80.2,15.5,4.3,9.8,51.5,34.8,13.6,64.3,32.3,19.6,25.5,22.7,6.89,83.4,48.7,20.8
Slovakia,Females,From 15 to 24 years,14.3,74.5,11.2,16.7,42.0,45.4,12.6,76.7,14.2,9.2,9.5,62.4,13.9,23.6,8.9,11.5,2.0,4.7,81.7,6.89,19.0,37.0,93.8
Slovakia,Females,From 25 to 34 years,6.0,71.4,22.6,10.1,36.6,49.0,14.3,69.5,21.8,8.7,5.2,56.7,22.0,21.3,11.0,20.8,6.1,8.7,64.4,6.89,26.9,46.4,90.0
Slovakia,Females,From 35 to 44 years,2.9,64.8,32.3,8.7,41.1,46.8,12.1,73.3,19.6,7.1,5.5,61.4,20.8,17.8,17.6,26.6,7.4,11.2,54.9,6.89,33.2,52.3,82.3
Slovakia,Females,From 45 to 64 years,1.5,38.3,60.3,4.6,38.2,47.6,14.2,76.5,18.3,5.2,5.1,57.6,26.0,16.4,39.0,29.7,12.1,23.1,35.1,6.89,63.1,56.2,51.2
Slovakia,Females,65 years or over,0.4,25.0,74.7,1.3,41.5,45.0,13.4,94.7,4.2,1.1,1.2,52.4,34.4,13.1,74.6,28.7,24.7,29.5,17.2,6.89,91.5,63.7,15.7
Finland,Males,From 15 to 24 years,7.1,66.0,27.0,51.8,59.4,31.4,9.2,76.9,12.7,10.4,51.1,51.2,17.2,31.5,18.6,47.9,4.3,9.9,37.8,9.49,24.1,54.5,93.6
Finland,Males,From 25 to 34 years,0.8,45.0,54.2,41.1,55.7,38.0,6.3,66.7,18.8,14.5,54.1,59.0,15.2,25.8,20.2,46.4,7.8,16.0,29.8,9.49,27.0,69.4,87.5
Finland,Males,From 35 to 44 years,0.4,36.2,63.4,22.5,57.3,35.8,6.9,78.4,11.1,10.6,53.2,54.5,25.3,20.2,31.0,47.2,5.5,15.2,32.1,9.49,33.3,59.8,82.0
Finland,Males,From 45 to 64 years,0.1,27.7,72.3,23.7,51.9,42.9,5.3,76.2,18.3,5.6,50.5,55.7,24.2,20.1,49.3,40.6,10.1,19.9,29.5,9.49,59.7,58.3,64.5
Finland,Males,65 years or over,0.3,35.2,64.5,23.3,42.6,50.7,6.7,88.2,8.9,2.8,30.9,54.8,27.3,18.0,70.0,44.8,6.5,17.2,31.6,9.49,80.3,57.3,41.0
Finland,Females,From 15 to 24 years,7.9,69.8,22.3,43.5,41.7,38.8,19.5,75.4,11.2,13.3,40.7,52.4,12.3,35.3,25.9,49.9,8.5,20.6,21.1,9.49,33.3,80.9,92.1
Finland,Females,From 25 to 34 years,2.2,64.7,33.1,29.6,32.7,43.9,23.3,75.9,14.6,9.4,24.3,57.7,15.2,27.1,26.6,49.9,10.1,16.8,23.2,9.49,37.9,84.2,92.0
Finland,Females,From 35 to 44 years,1.9,57.9,40.2,24.4,38.5,42.2,19.3,83.3,11.8,4.8,21.5,53.4,16.6,29.9,36.5,47.0,10.5,17.1,25.4,9.49,46.6,80.3,85.3
Finland,Females,From 45 to 64 years,1.2,42.6,56.2,22.4,30.6,50.8,18.5,83.0,13.0,4.0,20.3,55.2,18.2,26.6,54.2,44.5,11.4,23.0,21.0,9.49,66.8,80.5,68.7
Finland,Females,65 years or over,1.2,38.2,60.7,14.4,29.5,55.6,14.9,92.9,5.3,1.8,9.4,52.8,28.4,18.7,73.8,42.2,8.3,26.8,22.8,9.49,84.1,75.5,40.2
Sweden,Males,From 15 to 24 years,7.1,70.0,23.0,52.2,45.0,44.7,10.3,83.3,8.0,8.7,32.5,48.7,13.1,38.2,18.8,27.5,3.2,8.0,61.3,10.95,17.6,31.5,88.4
Sweden,Males,From 25 to 34 years,1.4,57.7,40.9,40.3,53.4,40.2,6.4,76.0,8.8,15.2,41.4,48.0,19.5,32.4,21.5,35.7,3.8,14.5,46.0,10.95,19.8,41.7,87.5
Sweden,Males,From 35 to 44 years,0.0,38.3,61.7,30.5,48.0,46.5,5.6,80.9,8.4,10.7,30.7,45.2,15.8,39.0,22.3,32.5,6.5,13.8,47.1,10.95,24.5,39.9,86.4
Sweden,Males,From 45 to 64 years,0.3,32.6,67.1,26.5,46.4,49.5,4.1,83.0,10.6,6.4,27.5,51.4,17.6,31.0,35.5,35.5,6.4,18.2,39.9,10.95,46.0,35.3,79.2
Sweden,Males,65 years or over,1.5,42.0,56.5,24.9,35.7,59.0,5.3,87.8,9.1,3.1,16.7,46.8,18.1,35.1,49.5,29.7,8.8,18.5,43.0,10.95,77.0,27.5,70.4
Sweden,Females,From 15 to 24 years,9.5,73.4,17.1,42.5,37.6,52.7,9.7,82.2,7.2,10.7,26.2,42.2,14.9,43.0,23.4,34.4,6.7,16.3,42.6,10.95,29.0,41.2,89.7
Sweden,Females,From 25 to 34 years,4.6,66.8,28.7,30.8,30.5,56.2,13.3,84.8,7.6,7.6,15.8,48.9,15.4,35.7,25.1,40.2,7.2,15.2,37.4,10.95,33.3,51.5,84.4
Sweden,Females,From 35 to 44 years,2.1,55.8,42.1,30.4,27.6,59.4,13.1,84.9,9.0,6.1,9.6,47.5,13.3,39.2,33.5,33.9,13.0,15.0,38.2,10.95,45.3,54.1,79.3
Sweden,Females,From 45 to 64 years,1.0,47.4,51.6,29.7,24.8,61.6,13.7,79.8,14.9,5.3,9.3,43.6,13.5,42.9,47.1,33.1,13.4,23.0,30.5,10.95,53.9,50.1,75.2
Sweden,Females,65 years or over,1.8,43.5,54.7,20.5,24.6,65.5,9.9,89.2,9.2,1.7,6.3,50.9,15.1,34.0,54.2,25.1,13.8,26.8,34.4,10.95,82.4,32.4,63.0
United Kingdom,Males,From 15 to 24 years,7.7,65.2,27.1,31.4,31.6,46.5,21.9,82.1,13.5,4.4,30.1,43.7,7.6,48.7,14.6,23.4,0.3,4.9,71.3,9.96,20.5,29.0,91.2
United Kingdom,Males,From 25 to 34 years,1.6,48.4,50.1,27.6,25.1,47.5,27.4,73.5,21.9,4.6,41.2,46.1,9.1,44.8,13.8,24.5,3.6,7.7,64.2,9.96,21.2,40.3,85.8
United Kingdom,Males,From 35 to 44 years,1.0,38.1,60.9,19.6,27.8,47.0,25.3,76.6,18.2,5.1,35.9,41.8,12.2,46.0,21.7,29.4,5.1,8.3,57.1,9.96,32.0,43.5,77.3
United Kingdom,Males,From 45 to 64 years,0.4,29.0,70.6,13.0,27.7,46.7,25.6,81.4,15.6,3.0,33.3,43.5,10.1,46.5,37.1,30.6,9.7,13.6,46.1,9.96,55.2,37.8,68.0
United Kingdom,Males,65 years or over,0.9,38.9,60.2,8.8,17.6,50.8,31.6,90.4,8.1,1.5,15.1,37.2,10.6,52.2,63.7,37.7,9.0,16.9,36.4,9.96,83.5,33.2,50.6
United Kingdom,Females,From 15 to 24 years,10.1,63.9,26.0,17.3,28.2,39.6,32.1,82.6,13.5,3.9,26.5,34.1,11.2,54.7,14.6,19.5,5.4,8.7,66.3,9.96,37.4,41.2,87.4
United Kingdom,Females,From 25 to 34 years,3.6,51.4,45.0,14.0,21.8,42.0,36.2,78.2,17.4,4.4,19.7,41.5,8.6,49.9,17.7,24.3,6.4,11.0,58.3,9.96,39.8,48.7,83.7
United Kingdom,Females,From 35 to 44 years,2.2,46.3,51.6,11.8,17.7,45.5,36.7,84.1,13.4,2.6,19.6,38.2,6.8,55.0,24.1,31.1,6.8,11.5,50.6,9.96,41.8,53.9,79.4
United Kingdom,Females,From 45 to 64 years,1.4,40.8,57.8,11.8,16.2,42.8,41.1,82.9,15.0,2.2,14.3,38.6,8.4,53.0,38.2,33.4,11.2,16.4,39.1,9.96,60.1,52.1,65.6
United Kingdom,Females,65 years or over,2.4,40.8,56.7,5.0,12.7,46.8,40.5,91.7,7.5,0.8,2.6,35.5,7.8,56.7,62.6,35.3,15.1,23.2,26.4,9.96,83.5,42.7,52.4
Iceland,Males,From 15 to 24 years,4.3,62.1,33.6,62.0,41.5,46.3,12.2,80.8,8.1,11.0,34.0,44.5,2.8,52.7,20.6,45.5,5.0,12.6,36.9,8.28,26.4,79.2,86.7
Iceland,Males,From 25 to 34 years,0.5,38.5,61.0,48.4,40.2,53.8,6.0,72.7,14.5,12.8,44.0,38.6,4.5,56.8,17.1,35.6,6.4,11.8,46.2,8.28,33.3,81.4,86.4
Iceland,Males,From 35 to 44 years,0.0,26.2,73.8,46.4,46.9,46.6,6.6,80.5,10.6,8.9,32.0,40.9,3.1,56.0,23.0,38.6,7.1,13.8,40.6,8.28,30.8,82.0,86.1
Iceland,Males,From 45 to 64 years,0.0,24.5,75.5,34.6,43.0,52.6,4.5,78.3,17.3,4.4,29.8,37.3,2.5,60.2,30.8,34.7,9.3,15.5,40.5,8.28,55.9,77.4,78.2
Iceland,Males,65 years or over,0.5,33.4,66.0,24.9,39.2,57.5,3.4,87.3,10.2,2.5,17.8,29.8,4.6,65.6,41.1,31.5,7.9,18.8,41.8,8.28,87.3,82.2,59.4
Iceland,Females,From 15 to 24 years,6.7,70.7,22.6,64.2,31.2,46.7,22.0,83.7,8.5,7.8,32.8,36.0,5.5,58.4,22.7,40.6,11.5,16.1,31.9,8.28,56.2,85.9,85.0
Iceland,Females,From 25 to 34 years,3.4,52.3,44.3,57.8,25.2,58.0,16.8,79.8,13.2,7.0,23.6,31.6,5.3,63.1,23.9,32.0,12.4,16.4,39.1,8.28,45.3,88.2,87.1
Iceland,Females,From 35 to 44 years,1.1,53.3,45.6,46.4,29.6,58.8,11.6,81.6,9.7,8.8,18.4,33.5,3.5,63.0,30.7,37.9,11.3,17.5,33.4,8.28,45.9,89.6,80.8
Iceland,Females,From 45 to 64 years,0.9,43.9,55.1,44.0,23.8,62.4,13.8,82.7,13.3,4.0,16.7,33.2,4.4,62.4,39.4,35.3,16.6,21.9,26.3,8.28,71.1,90.6,65.9
Iceland,Females,65 years or over,1.4,37.8,60.8,26.3,30.6,64.1,5.4,86.2,9.6,4.2,9.0,35.3,2.6,62.1,48.9,27.7,17.4,28.7,26.2,8.28,87.1,88.3,53.6
Norway,Males,From 15 to 24 years,4.4,67.0,28.6,45.8,48.8,47.8,3.4,78.9,5.9,15.2,59.3,43.2,5.9,50.9,20.1,18.6,2.7,7.1,71.7,9.34,18.5,45.2,89.6
Norway,Males,From 25 to 34 years,0.4,50.8,48.9,32.7,42.1,51.0,6.9,77.7,11.7,10.5,67.5,47.0,7.5,45.5,19.5,18.3,2.6,10.2,68.8,9.34,20.7,49.5,86.9
Norway,Males,From 35 to 44 years,0.5,35.3,64.2,15.3,42.1,53.3,4.5,79.6,14.2,6.2,63.4,41.1,7.3,51.6,23.4,16.9,6.6,13.8,62.6,9.34,30.5,37.8,86.4
Norway,Males,From 45 to 64 years,0.2,30.7,69.1,15.6,38.2,56.9,4.9,74.5,18.7,6.8,58.2,47.4,5.8,46.9,30.6,13.1,9.4,15.4,62.0,9.34,49.6,45.2,76.2
Norway,Males,65 years or over,0.5,42.4,57.0,11.0,22.8,73.2,4.0,86.0,11.3,2.6,25.7,52.3,7.9,39.8,43.3,11.1,8.5,12.9,67.5,9.34,78.2,55.8,67.7
Norway,Females,From 15 to 24 years,7.6,68.9,23.4,40.6,39.9,53.7,6.4,85.7,4.1,10.1,51.1,43.6,4.9,51.5,25.8,24.8,8.9,10.8,55.6,9.34,38.4,48.6,86.8
Norway,Females,From 25 to 34 years,4.2,66.7,29.1,26.3,29.4,61.5,9.1,83.1,8.8,8.1,49.5,37.7,4.0,58.3,24.4,19.6,8.3,17.3,54.8,9.34,36.5,60.5,89.9
Norway,Females,From 35 to 44 years,1.3,60.3,38.4,18.3,25.2,64.8,10.0,78.4,12.2,9.4,42.0,35.3,6.5,58.1,36.1,21.9,9.6,19.0,49.4,9.34,40.5,59.2,79.0
Norway,Females,From 45 to 64 years,1.7,51.8,46.5,17.2,18.5,72.1,9.5,74.6,19.6,5.8,30.7,41.8,7.3,51.0,41.4,15.9,13.3,22.3,48.5,9.34,56.6,64.0,73.3
Norway,Females,65 years or over,3.6,47.5,48.9,8.9,13.8,80.4,5.8,87.3,10.9,1.9,6.7,47.3,10.7,42.1,49.6,13.6,12.1,18.6,55.8,9.34,80.0,68.5,66.9
Turkey,Males,From 15 to 24 years,8.9,69.2,22.0,4.5,40.8,56.4,2.8,62.5,31.4,6.1,6.4,55.3,18.5,26.3,9.6,17.7,5.1,8.0,69.2,4.35,13.7,23.8,90.6
Turkey,Males,From 25 to 34 years,1.8,48.5,49.7,2.3,37.4,60.4,2.2,41.9,51.2,6.9,9.7,57.1,19.4,23.5,14.1,24.3,5.2,8.7,61.7,4.35,16.5,33.5,87.2
Turkey,Males,From 35 to 44 years,0.6,33.4,66.0,2.2,35.1,62.4,2.6,43.8,49.9,6.4,9.5,53.9,20.7,25.5,25.1,23.7,7.7,11.8,56.8,4.35,20.4,33.9,76.3
Turkey,Males,From 45 to 64 years,0.9,28.7,70.4,0.5,31.8,64.3,3.9,51.5,44.4,4.1,8.7,55.6,18.9,25.5,44.8,23.9,10.7,12.5,52.8,4.35,37.5,30.5,59.3
Turkey,Males,65 years or over,2.2,41.9,55.9,0.2,34.2,62.0,3.8,78.0,17.6,4.4,2.2,57.9,22.7,19.3,76.2,25.0,21.1,20.3,33.7,4.35,61.4,25.5,26.4
Turkey,Females,From 15 to 24 years,17.8,64.8,17.4,0.4,35.4,62.1,2.5,90.7,5.7,3.7,0.6,56.8,17.0,26.2,8.8,22.5,6.7,9.7,61.1,4.35,22.5,30.1,92.7
Turkey,Females,From 25 to 34 years,5.1,56.3,38.7,0.7,32.3,65.4,2.3,74.6,18.8,6.5,1.6,60.0,18.6,21.3,16.7,25.9,11.5,15.6,47.0,4.35,28.4,36.9,85.0
Turkey,Females,From 35 to 44 years,1.9,34.4,63.8,0.4,31.9,64.3,3.9,73.4,19.7,6.8,1.0,56.8,18.7,24.5,32.9,25.1,19.4,18.9,36.6,4.35,36.7,41.7,69.1
Turkey,Females,From 45 to 64 years,0.7,18.9,80.4,0.2,27.3,69.0,3.7,82.0,13.8,4.2,0.5,58.2,18.2,23.6,60.3,26.2,27.8,21.0,24.9,4.35,56.0,35.3,42.5
Turkey,Females,65 years or over,2.3,30.3,67.4,0.1,34.0,63.4,2.6,95.1,3.0,1.9,0.1,58.4,23.1,18.5,87.3,23.7,40.4,23.2,12.7,4.35,70.1,27.3,12.6
